latitude,longitude,side_b
22.000000,98.000000,KNU
16.541082,98.529827,KNU
17.104045,98.311469,KNU
17.104045,98.311469,KNU
16.686389,98.506111,KNU
16.580351,98.579189,KNU
16.686389,98.506111,KNU
16.686389,98.506111,KNU
16.580351,98.579189,KNU
16.580351,98.579189,KNU
16.686389,98.506111,KNU
16.796917,98.515339,KNU
16.741246,98.460744,KNU
16.796917,98.515339,KNU
16.796917,98.515339,KNU
16.796917,98.515339,KNU
16.796917,98.515339,KNU
17.836972,97.678028,KNU
16.580351,98.579189,KNU
16.798450,96.150408,KNU
16.796917,98.515339,KNU
16.686389,98.506111,KNU
14.705158,98.331783,KNU
17.700000,97.700000,KNU
17.500000,97.750000,KNU
17.500000,97.750000,KNU
17.500000,97.750000,KNU
16.692983,98.401939,KNU
16.686389,98.506111,KNU
17.500000,97.750000,KNU
22.000000,98.000000,KNU
16.741246,98.460744,KNU
16.796917,98.515339,KNU
22.000000,98.000000,KNU
17.836972,97.678028,KNU
17.836972,97.678028,KNU
17.132500,97.274696,KNU
16.686389,98.506111,KNU
17.500000,97.750000,KNU
17.500000,97.750000,KNU
17.836972,97.678028,KNU
17.836972,97.678028,KNU
16.554022,98.238231,KNU
17.836972,97.678028,KNU
17.836972,97.678028,KNU
17.836972,97.678028,KNU
14.705158,98.331783,KNU
17.836972,97.678028,KNU
16.283333,95.400000,KNU
16.283333,95.400000,KNU
16.392764,95.153299,KNU
16.392764,95.153299,KNU
16.392764,95.153299,KNU
22.000000,98.000000,KNU
17.836972,97.678028,KNU
15.958194,98.427594,KNU
17.836972,97.678028,KNU
17.836972,97.678028,KNU
17.978815,97.735577,KNU
17.616667,97.683333,KNU
17.836972,97.678028,KNU
17.836972,97.678028,KNU
13.000000,98.750000,KNU
17.123392,96.067922,KNU
16.796917,98.515339,KNU
16.796917,98.515339,KNU
17.616667,97.683333,KNU
17.616667,97.683333,KNU
17.616667,97.683333,KNU
17.836972,97.678028,KNU
16.692983,98.401939,KNU
16.796917,98.515339,KNU
16.796917,98.515339,KNU
17.500000,97.750000,KNU
22.000000,98.000000,KNU
17.500000,97.750000,KNU
16.796917,98.515339,KNU
16.554022,98.238231,KNU
16.796917,98.515339,KNU
16.796917,98.515339,KNU
22.000000,98.000000,KNU
17.500000,97.750000,KNU
15.833678,98.244408,KNU
16.686389,98.506111,KNU
17.500000,97.750000,KNU
17.836972,97.678028,KNU
16.796917,98.515339,KNU
17.836972,97.678028,KNU
16.796917,98.515339,KNU
16.796917,98.515339,KNU
17.500000,97.750000,KNU
16.686389,98.506111,KNU
22.000000,98.000000,KNU
18.903206,93.955875,KNU
16.686389,98.506111,KNU
14.705158,98.331783,KNU
17.500000,97.750000,KNU
14.166667,98.516667,KNU
14.705158,98.331783,KNU
14.091061,98.474570,KNU
22.000000,98.000000,KNU
15.683333,97.983333,KNU
15.969094,97.730756,KNU
14.705158,98.331783,KNU
22.000000,98.000000,KNU
16.250000,97.750000,KNU
15.833678,98.244408,KNU
22.000000,98.000000,KNU
17.500000,97.750000,KNU
14.705158,98.331783,KNU
16.541082,98.529827,KNU
16.686389,98.506111,KNU
15.969094,97.730756,KNU
17.500000,97.750000,KNU
17.500000,97.750000,KNU
16.136536,98.361850,KNU
17.500000,97.750000,KNU
19.770278,96.156111,KNU
12.416667,99.050000,KNU
14.091061,98.474570,KNU
16.541082,98.529827,KNU
15.833678,98.244408,KNU
16.686389,98.506111,KNU
17.500000,97.750000,KNU
14.705158,98.331783,KNU
16.686389,98.506111,KNU
15.833678,98.244408,KNU
22.000000,98.000000,KNU
22.000000,98.000000,KNU
22.000000,98.000000,KNU
16.686389,98.506111,KNU
22.000000,98.000000,KNU
22.000000,98.000000,KNU
22.000000,98.000000,KNU
22.000000,98.000000,KNU
14.705158,98.331783,KNU
17.700000,97.700000,KNU
14.705158,98.331783,KNU
14.705158,98.331783,KNU
15.833678,98.244408,KNU
13.000000,98.750000,KNU
17.500000,97.750000,KNU
14.705158,98.331783,KNU
16.686389,98.506111,KNU
12.416667,99.050000,KNU
22.000000,98.000000,KNU
22.000000,98.000000,KNU
22.000000,98.000000,KNU
12.416667,99.050000,KNU
15.301667,98.401944,KNU
22.000000,98.000000,KNU
13.000000,98.750000,KNU
17.000000,95.000000,KNU
17.500000,97.750000,KNU
22.000000,98.000000,KNU
14.073749,98.194231,KNU
12.416667,99.050000,KNU
12.416667,99.050000,KNU
17.500000,97.750000,KNU
18.250000,96.250000,KNU
22.000000,98.000000,KNU
18.062283,97.442981,KNU
18.933333,96.433333,KNU
22.000000,98.000000,KNU
16.282356,98.871294,KNU
22.000000,98.000000,KNU
22.000000,98.000000,KNU
18.933333,96.433333,KNU
22.000000,98.000000,KNU
22.000000,98.000000,KNU
17.013975,95.984406,KNU
12.416667,99.050000,KNU
18.250000,96.250000,KNU
17.951458,96.723758,KNU
19.068367,96.674947,KNU
22.000000,98.000000,KNU
17.700000,97.700000,KNU
17.500000,97.750000,KNU
14.705158,98.331783,KNU
14.705158,98.331783,KNU
22.000000,98.000000,KNU
16.282356,98.871294,KNU
17.500000,97.750000,KNU
17.500000,97.750000,KNU
17.500000,97.750000,KNU
22.000000,98.000000,KNU
16.416117,98.831136,KNU
16.416117,98.831136,KNU
18.885833,96.824444,KNU
18.902692,96.807614,KNU
17.500000,97.750000,KNU
16.416117,98.831136,KNU
13.000000,98.750000,KNU
20.160643,97.252818,KNU
18.250000,96.250000,KNU
17.133333,97.833333,KNU
15.301667,98.401944,KNU
18.062283,97.442981,KNU
17.500000,97.750000,KNU
16.250000,97.750000,KNU
16.360642,98.575783,KNU
17.700000,97.700000,KNU
17.700000,97.700000,KNU
15.301667,98.401944,KNU
17.700000,97.700000,KNU
16.541082,98.529827,KNU
15.301667,98.401944,KNU
17.500000,97.750000,KNU
15.301667,98.401944,KNU
15.301667,98.401944,KNU
17.700000,97.700000,KNU
22.000000,98.000000,KNU
17.500000,97.750000,KNU
22.000000,98.000000,KNU
22.000000,98.000000,KNU
17.500000,97.750000,KNU
17.280924,97.327985,KNU
18.250000,96.250000,KNU
18.250000,96.250000,KNU
17.500000,97.750000,KNU
17.500000,97.750000,KNU
17.500000,97.750000,KNU
17.500000,97.750000,KNU
17.500000,97.750000,KNU
22.000000,98.000000,KNU
17.500000,97.750000,KNU
17.500000,97.750000,KNU
17.500000,97.750000,KNU
17.500000,97.750000,KNU
17.500000,97.750000,KNU
17.500000,97.750000,KNU
17.500000,97.750000,KNU
17.500000,97.750000,KNU
17.500000,97.750000,KNU
17.500000,97.750000,KNU
17.500000,97.750000,KNU
17.500000,97.750000,KNU
17.500000,97.750000,KNU
17.358333,97.679167,KNU
17.500000,97.750000,KNU
17.500000,97.750000,KNU
17.500000,97.750000,KNU
17.500000,97.750000,KNU
17.500000,97.750000,KNU
17.500000,97.750000,KNU
17.500000,97.750000,KNU
17.500000,97.750000,KNU
17.500000,97.750000,KNU
17.500000,97.750000,KNU
17.500000,97.750000,KNU
16.554022,98.238231,KNU
17.500000,97.750000,KNU
17.500000,97.750000,KNU
22.000000,98.000000,KNU
20.922044,92.360793,KNU
17.500000,97.750000,KNU
17.500000,97.750000,KNU
17.500000,97.750000,KNU
17.500000,97.750000,KNU
17.500000,97.750000,KNU
17.500000,97.750000,KNU
17.500000,97.750000,KNU
17.500000,97.750000,KNU
17.500000,97.750000,KNU
17.500000,97.750000,KNU
17.500000,97.750000,KNU
17.500000,97.750000,KNU
17.500000,97.750000,KNU
17.500000,97.750000,KNU
17.500000,97.750000,KNU
17.500000,97.750000,KNU
17.500000,97.750000,KNU
17.500000,97.750000,KNU
17.500000,97.750000,KNU
17.500000,97.750000,KNU
17.500000,97.750000,KNU
17.500000,97.750000,KNU
17.500000,97.750000,KNU
17.500000,97.750000,KNU
17.500000,97.750000,KNU
22.000000,98.000000,KNU
17.500000,97.750000,KNU
17.500000,97.750000,KNU
17.700000,97.700000,KNU
17.500000,97.750000,KNU
17.500000,97.750000,KNU
22.000000,98.000000,KNU
17.500000,97.750000,KNU
17.500000,97.750000,KNU
17.500000,97.750000,KNU
17.500000,97.750000,KNU
17.500000,97.750000,KNU
17.500000,97.750000,KNU
17.500000,97.750000,KNU
17.500000,97.750000,KNU
17.500000,97.750000,KNU
17.500000,97.750000,KNU
17.500000,97.750000,KNU
17.500000,97.750000,KNU
17.500000,97.750000,KNU
17.500000,97.750000,KNU
17.500000,97.750000,KNU
17.500000,97.750000,KNU
17.500000,97.750000,KNU
17.500000,97.750000,KNU
17.500000,97.750000,KNU
17.500000,97.750000,KNU
17.500000,97.750000,KNU
17.500000,97.750000,KNU
17.500000,97.750000,KNU
17.500000,97.750000,KNU
17.500000,97.750000,KNU
17.500000,97.750000,KNU
17.500000,97.750000,KNU
17.500000,97.750000,KNU
17.500000,97.750000,KNU
17.500000,97.750000,KNU
17.500000,97.750000,KNU
17.500000,97.750000,KNU
17.700000,97.700000,KNU
17.500000,97.750000,KNU
22.000000,98.000000,KNU
17.700000,97.700000,KNU
18.064000,97.445000,KNU
18.327769,96.772247,KNU
16.664698,98.510324,KNU
18.068215,97.376831,KNU
16.368240,98.558498,KNU
17.500000,97.750000,KNU
18.064000,97.445000,KNU
17.133333,97.833333,KNU
18.625898,97.054666,KNU
17.392074,97.719045,KNU
18.068215,97.376831,KNU
18.064000,97.445000,KNU
18.068215,97.376831,KNU
18.068215,97.376831,KNU
17.762026,97.741880,KNU
18.064000,97.445000,KNU
18.064000,97.445000,KNU
18.064000,97.445000,KNU
18.009695,97.020268,KNU
18.064000,97.445000,KNU
15.133405,97.826214,KNU
14.091080,98.196143,KNU
18.064000,97.445000,KNU
18.064000,97.445000,KNU
16.956195,97.312870,KNU
18.781168,97.324458,KNU
17.762026,97.741880,KNU
16.368240,98.558498,KNU
18.064000,97.445000,KNU
17.700000,97.700000,KNU
18.064000,97.445000,KNU
18.064000,97.445000,KNU
16.537659,98.148440,KNU
13.000000,98.750000,KNU
18.064000,97.445000,KNU
18.250000,96.250000,KNU
16.250000,97.750000,KNU
17.500000,97.750000,KNU
18.064000,97.445000,KNU
17.896790,97.420940,KNU
18.064000,97.445000,KNU
17.590100,97.551710,KNU
16.956195,97.312870,KNU
17.420489,96.994378,KNU
18.064000,97.445000,KNU
17.500000,97.750000,KNU
18.064000,97.445000,KNU
16.956195,97.312870,KNU
16.368240,98.558498,KNU
16.368240,98.558498,KNU
16.368240,98.558498,KNU
16.686389,98.506111,KNU
16.368240,98.558498,KNU
16.688302,98.323324,KNU
16.368240,98.558498,KNU
18.064000,97.445000,KNU
13.000000,98.750000,KNU
18.250000,96.250000,KNU
16.250000,97.750000,KNU
16.368240,98.558498,KNU
16.368240,98.558498,KNU
16.537659,98.148440,KNU
18.068215,97.376831,KNU
16.502850,98.102820,KNU
18.064000,97.445000,KNU
17.500000,97.750000,KNU
17.896790,97.420940,KNU
16.368240,98.558498,KNU
17.500000,97.750000,KNU
18.064000,97.445000,KNU
16.663323,98.505613,KNU
18.068215,97.376831,KNU
16.061380,97.991330,KNU
16.316423,98.659659,KNU
16.368240,98.558498,KNU
15.833678,98.244408,KNU
15.833678,98.244408,KNU
16.291672,98.713558,KNU
16.688302,98.323324,KNU
18.064000,97.445000,KNU
18.064000,97.445000,KNU
17.420489,96.994378,KNU
16.537659,98.148440,KNU
18.064000,97.445000,KNU
16.537659,98.148440,KNU
16.599102,98.523301,KNU
16.599102,98.523301,KNU
17.700000,97.700000,KNU
16.599102,98.523301,KNU
18.012730,97.435830,KNU
15.959860,98.066133,KNU
17.420489,96.994378,KNU
18.264036,97.510307,KNU
16.250000,97.750000,KNU
17.500000,97.750000,KNU
17.366980,97.432110,KNU
16.358980,98.649440,KNU
17.513304,96.882222,KNU
16.051810,97.910400,KNU
17.098170,97.370900,KNU
17.420489,96.994378,KNU
17.435100,96.886210,KNU
16.541082,98.529827,KNU
17.420489,96.994378,KNU
16.291672,98.713558,KNU
18.345696,96.857289,KNU
16.291672,98.713558,KNU
17.892067,96.755961,KNU
17.500000,97.750000,KNU
16.358980,98.649440,KNU
17.280924,97.327985,KNU
16.446068,98.615824,KNU
16.446068,98.615824,KNU
16.446068,98.615824,KNU
12.930110,98.700540,KNU
16.446068,98.615824,KNU
16.291672,98.713558,KNU
16.446068,98.615824,KNU
16.446068,98.615824,KNU
18.064000,97.445000,KNU
15.833678,98.244408,KNU
16.446068,98.615824,KNU
18.345696,96.857289,KNU
16.537659,98.148440,KNU
16.368240,98.558498,KNU
16.554022,98.238231,KNU
16.554022,98.238231,KNU
16.446068,98.615824,KNU
18.067470,96.840060,KNU
17.500000,97.750000,KNU
17.500000,97.750000,KNU
17.500000,97.750000,KNU
16.368240,98.558498,KNU
16.537659,98.148440,KNU
15.317710,98.388360,KNU
16.368240,98.558498,KNU
16.061380,97.991330,KNU
17.435100,96.886210,KNU
16.345090,98.655110,KNU
16.345090,98.655110,KNU
16.446068,98.615824,KNU
16.345090,98.655110,KNU
16.061380,97.991330,KNU
16.345090,98.655110,KNU
16.345090,98.655110,KNU
17.420489,96.994378,KNU
16.061380,97.991330,KNU
16.061380,97.991330,KNU
17.280924,97.327985,KNU
16.262064,98.660067,KNU
16.599102,98.523301,KNU
17.420489,96.994378,KNU
16.554022,98.238231,KNU
16.554022,98.238231,KNU
17.513304,96.882222,KNU
17.513304,96.882222,KNU
16.554022,98.238231,KNU
16.368240,98.558498,KNU
16.368240,98.558498,KNU
16.803252,97.383924,KNU
17.892067,96.755961,KNU
16.163650,97.967640,KNU
16.446068,98.615824,KNU
16.358980,98.649440,KNU
16.599102,98.523301,KNU
20.250000,95.250000,KNU
15.600780,98.487510,KNU
16.190940,97.896190,KNU
16.368240,98.558498,KNU
16.446068,98.615824,KNU
14.244719,98.203056,KNU
11.031243,99.121255,KNU
11.031243,99.121255,KNU
17.942742,97.702667,KNU
18.583330,97.233330,KNU
17.205240,97.252980,KNU
16.956195,97.312870,KNU
16.537659,98.148440,KNU
16.552130,98.267140,KNU
16.552130,98.267140,KNU
16.552130,98.267140,KNU
16.552130,98.267140,KNU
16.552130,98.267140,KNU
16.537659,98.148440,KNU
16.552130,98.267140,KNU
16.061380,97.991330,KNU
16.039440,98.118960,KNU
18.583330,97.233330,KNU
18.583330,97.233330,KNU
18.064000,97.445000,KNU
16.061380,97.991330,KNU
16.061380,97.991330,KNU
12.977770,98.630330,KNU
16.061380,97.991330,KNU
19.020658,96.588492,KNU
16.537659,98.148440,KNU
18.064000,97.445000,KNU
17.345833,96.993879,KNU
17.006670,97.435360,KNU
16.061380,97.991330,KNU
18.068215,97.376831,KNU
13.115300,98.685360,KNU
16.816444,97.760444,KNU
16.816444,97.760444,KNU
16.368240,98.558498,KNU
16.595104,98.042668,KNU
16.595104,98.042668,KNU
19.004680,96.221510,KNU
17.345833,96.993879,KNU
17.942742,97.702667,KNU
18.860306,96.828987,KNU
18.860306,96.828987,KNU
18.064000,97.445000,KNU
17.500000,97.750000,KNU
18.860306,96.828987,KNU
16.818952,98.533528,KNU
17.280924,97.327985,KNU
17.061740,97.303370,KNU
16.368240,98.558498,KNU
18.345696,96.857289,KNU
17.659595,97.529256,KNU
16.368240,98.558498,KNU
17.280924,97.327985,KNU
18.676620,96.596650,KNU
17.200128,97.134597,KNU
17.420489,96.994378,KNU
17.228775,97.072137,KNU
15.343650,97.932579,KNU
16.537659,98.148440,KNU
18.807718,96.488567,KNU
16.368240,98.558498,KNU
16.368240,98.558498,KNU
17.280924,97.327985,KNU
18.064000,97.445000,KNU
17.132500,97.274696,KNU
16.537659,98.148440,KNU
15.959860,98.066133,KNU
18.068215,97.376831,KNU
17.280924,97.327985,KNU
16.554022,98.238231,KNU
16.595104,98.042668,KNU
16.977620,97.434200,KNU
16.039440,98.118960,KNU
18.244185,96.684225,KNU
12.301990,99.168250,KNU
16.492330,98.234030,KNU
16.816444,97.760444,KNU
19.738100,96.207420,KNU
17.513304,96.882222,KNU
18.860306,96.828987,KNU
16.595104,98.042668,KNU
16.537659,98.148440,KNU
15.343650,97.932579,KNU
17.220019,97.200962,KNU
15.959860,98.066133,KNU
16.061380,97.991330,KNU
16.956195,97.312870,KNU
16.368240,98.558498,KNU
16.061380,97.991330,KNU
16.496470,98.158710,KNU
17.420489,96.994378,KNU
16.368240,98.558498,KNU
18.188670,96.349580,KNU
16.368240,98.558498,KNU
15.829812,97.786399,KNU
15.829812,97.786399,KNU
16.368240,98.558498,KNU
16.368240,98.558498,KNU
15.833678,98.244408,KNU
16.956195,97.312870,KNU
16.816444,97.760444,KNU
18.345696,96.857289,KNU
18.345696,96.857289,KNU
18.547024,96.580338,KNU
18.345696,96.857289,KNU
18.153999,96.670002,KNU
19.738100,96.207420,KNU
18.345696,96.857289,KNU
16.368240,98.558498,KNU
16.061380,97.991330,KNU
17.435100,96.886210,KNU
18.595883,96.530203,KNU
18.345696,96.857289,KNU
18.480828,96.436658,KNU
18.480828,96.436658,KNU
16.496470,98.158710,KNU
18.547024,96.580338,KNU
17.420489,96.994378,KNU
16.537659,98.148440,KNU
18.068215,97.376831,KNU
16.956195,97.312870,KNU
16.368240,98.558498,KNU
16.686389,98.506111,KNU
18.533370,96.658382,KNU
18.064000,97.445000,KNU
18.345696,96.857289,KNU
18.188670,96.349580,KNU
18.860306,96.828987,KNU
16.537659,98.148440,KNU
17.346960,97.656740,KNU
18.068215,97.376831,KNU
18.068215,97.376831,KNU
17.504060,96.746500,KNU
18.547024,96.580338,KNU
18.480828,96.436658,KNU
16.537659,98.148440,KNU
16.096510,97.898820,KNU
17.345833,96.993879,KNU
16.496470,98.158710,KNU
16.480680,98.149370,KNU
16.368240,98.558498,KNU
16.537659,98.148440,KNU
15.513410,97.856160,KNU
15.343650,97.932579,KNU
16.954830,97.417050,KNU
18.460060,96.545760,KNU
17.420489,96.994378,KNU
16.554022,98.238231,KNU
17.205240,97.252980,KNU
18.068215,97.376831,KNU
18.068215,97.376831,KNU
12.443239,98.777347,KNU
12.443239,98.777347,KNU
15.343650,97.932579,KNU
16.537659,98.148440,KNU
16.552130,98.267140,KNU
18.480828,96.436658,KNU
16.061380,97.991330,KNU
16.956195,97.312870,KNU
16.298785,97.908703,KNU
17.420489,96.994378,KNU
16.298785,97.908703,KNU
16.484722,97.625833,KNU
16.554022,98.238231,KNU
16.190940,97.896190,KNU
16.554022,98.238231,KNU
16.537659,98.148440,KNU
16.537659,98.148440,KNU
16.537659,98.148440,KNU
18.533370,96.658382,KNU
16.956195,97.312870,KNU
18.533370,96.658382,KNU
18.405270,96.461621,KNU
17.280924,97.327985,KNU
16.496470,98.158710,KNU
17.006670,97.435360,KNU
18.244185,96.684225,KNU
22.000000,98.000000,God's Army
22.000000,98.000000,God's Army
16.554022,98.238231,DKBA 5
16.686389,98.506111,DKBA 5
16.686389,98.506111,DKBA 5
17.500000,97.750000,DKBA 5
15.301667,98.401944,DKBA 5
17.500000,97.750000,DKBA 5
16.686389,98.506111,DKBA 5
15.833678,98.244408,DKBA 5
17.500000,97.750000,DKBA 5
17.500000,97.750000,DKBA 5
17.500000,97.750000,DKBA 5
17.500000,97.750000,DKBA 5
17.500000,97.750000,DKBA 5
15.833678,98.244408,DKBA 5
17.500000,97.750000,DKBA 5
17.500000,97.750000,DKBA 5
16.541082,98.529827,DKBA 5
17.942742,97.702667,DKBA 5
17.123867,97.818365,DKBA 5
17.358333,97.679167,DKBA 5
17.500000,97.750000,DKBA 5
16.686389,98.506111,DKBA 5
16.484722,97.625833,DKBA 5
16.686389,98.506111,DKBA 5
16.377338,97.733796,DKBA 5
15.833678,98.244408,DKBA 5
16.688302,98.323324,DKBA 5
17.133333,97.833333,DKBA 5
16.593758,98.228229,DKBA 5
16.688302,98.323324,DKBA 5
16.688302,98.323324,DKBA 5
22.000000,98.000000,ABSDF
22.000000,98.000000,ABSDF
22.000000,98.000000,ABSDF
22.000000,98.000000,ABSDF
25.616667,96.316667,ABSDF
24.215426,96.375620,ABSDF
24.196338,94.416816,ABSDF
24.215426,96.375620,ABSDF
24.215426,96.375620,ABSDF
24.215426,96.375620,ABSDF
22.279096,94.151406,ABSDF
24.288356,96.066824,ABSDF
23.127082,96.601751,ABSDF
24.326407,96.043771,ABSDF
21.941800,94.750050,ABSDF
24.235603,96.063987,ABSDF
22.636950,94.108970,ABSDF
24.344540,96.022880,ABSDF
22.022900,94.092060,ABSDF
20.866667,92.533333,RSO
20.816667,92.366667,RSO
20.816667,92.366667,RSO
19.000000,94.250000,RSO
20.922044,92.360793,RSO
20.875369,92.529996,RSO
22.000000,98.000000,RSO
20.816667,92.366667,RSO
20.816667,92.366667,RSO
22.000000,98.000000,RSO
20.671289,92.777714,RSO
20.816667,92.366667,RSO
22.000000,98.000000,RSO
20.816667,92.366667,RSO
21.060000,92.267000,RSO
20.922044,92.360793,RSO
15.301667,98.401944,NMSP
15.301667,98.401944,NMSP
15.249117,97.856653,NMSP
15.761408,97.851753,NMSP
22.000000,98.000000,NMSP
16.023264,97.737339,NMSP
16.250000,97.750000,NMSP
22.000000,98.000000,NMSP
14.107478,98.345385,NMSP
17.762026,97.741880,NMSP
16.250000,97.750000,BMA
24.783333,96.366667,KIO
22.000000,98.000000,KIO
22.000000,98.000000,KIO
22.000000,98.000000,KIO
22.000000,98.000000,KIO
22.942711,97.746222,KIO
26.000000,97.500000,KIO
22.000000,98.000000,KIO
22.000000,98.000000,KIO
23.979167,97.904722,KIO
23.457894,97.937993,KIO
22.000000,98.000000,KIO
26.000000,97.500000,KIO
24.260229,97.178824,KIO
25.195076,96.597658,KIO
25.195076,96.597658,KIO
25.195076,96.597658,KIO
22.000000,98.000000,KIO
24.260229,97.178824,KIO
24.260229,97.178824,KIO
25.785516,97.145268,KIO
24.260229,97.178824,KIO
24.260229,97.178824,KIO
24.260229,97.178824,KIO
24.260229,97.178824,KIO
26.000000,97.500000,KIO
25.195076,96.597658,KIO
25.523056,96.711667,KIO
25.195076,96.597658,KIO
26.000000,97.500000,KIO
25.195076,96.597658,KIO
25.195076,96.597658,KIO
24.878056,97.523889,KIO
24.260229,97.178824,KIO
22.000000,98.000000,KIO
25.035175,97.700333,KIO
23.688611,97.824722,KIO
26.000000,97.500000,KIO
26.000000,97.500000,KIO
24.260229,97.178824,KIO
24.260229,97.178824,KIO
24.260229,97.178824,KIO
25.785516,97.145268,KIO
26.000000,97.500000,KIO
24.260229,97.178824,KIO
26.000000,97.500000,KIO
24.260229,97.178824,KIO
26.000000,97.500000,KIO
26.000000,97.500000,KIO
22.000000,98.000000,KIO
22.000000,98.000000,KIO
25.383333,97.400000,KIO
22.000000,98.000000,KIO
24.260229,97.178824,KIO
24.760000,97.563333,KIO
22.000000,98.000000,KIO
26.000000,97.500000,KIO
26.000000,97.500000,KIO
26.000000,97.500000,KIO
26.000000,97.500000,KIO
25.616667,96.316667,KIO
26.000000,97.500000,KIO
26.000000,97.500000,KIO
23.456667,97.940278,KIO
24.099167,98.308611,KIO
25.383333,97.400000,KIO
26.000000,97.500000,KIO
22.000000,98.000000,KIO
23.092500,97.401111,KIO
26.000000,97.500000,KIO
22.000000,98.000000,KIO
23.979167,97.904722,KIO
23.979167,97.904722,KIO
23.457894,97.937993,KIO
26.000000,97.500000,KIO
26.000000,97.500000,KIO
24.260229,97.178824,KIO
24.979722,97.561389,KIO
25.785516,97.145268,KIO
25.600833,98.376667,KIO
26.000000,97.500000,KIO
25.785516,97.145268,KIO
26.000000,97.500000,KIO
22.000000,98.000000,KIO
25.600833,98.376667,KIO
22.000000,98.000000,KIO
22.000000,98.000000,KIO
22.000000,98.000000,KIO
26.000000,97.500000,KIO
22.000000,98.000000,KIO
22.000000,98.000000,KIO
22.000000,98.000000,KIO
24.979722,97.561389,KIO
25.195076,96.597658,KIO
25.195076,96.597658,KIO
25.195076,96.597658,KIO
26.000000,97.500000,KIO
25.616667,96.316667,KIO
26.000000,97.500000,KIO
25.616667,96.316667,KIO
22.000000,98.000000,KIO
22.000000,98.000000,KIO
26.000000,97.500000,KIO
26.000000,97.500000,KIO
26.000000,97.500000,KIO
25.600833,98.376667,KIO
24.760000,97.563333,KIO
25.195076,96.597658,KIO
26.000000,97.500000,KIO
22.000000,98.000000,KIO
24.760000,97.563333,KIO
25.523056,96.711667,KIO
24.979722,97.561389,KIO
26.000000,97.500000,KIO
22.000000,98.000000,KIO
25.616667,96.316667,KIO
25.010372,96.603050,KIO
27.882151,98.081591,KIO
25.600833,98.376667,KIO
23.456667,97.940278,KIO
27.516700,97.116700,KIO
26.000000,97.500000,KIO
26.000000,97.500000,KIO
26.000000,97.500000,KIO
26.000000,97.500000,KIO
22.950000,97.950000,KIO
26.000000,97.500000,KIO
26.000000,97.500000,KIO
24.353110,97.629490,KIO
26.000000,97.500000,KIO
26.000000,97.500000,KIO
27.333056,97.427500,KIO
27.333056,97.427500,KIO
26.000000,97.500000,KIO
26.000000,97.500000,KIO
24.116131,97.296584,KIO
23.576667,98.101389,KIO
26.000000,97.500000,KIO
26.000000,97.500000,KIO
23.866600,97.174780,KIO
24.116131,97.296584,KIO
23.758170,97.132340,KIO
23.758170,97.132340,KIO
23.700620,97.202070,KIO
24.260229,97.178824,KIO
24.083333,97.233333,KIO
22.950000,97.950000,KIO
26.000000,97.500000,KIO
26.268889,96.772778,KIO
23.575970,98.098620,KIO
23.979167,97.904722,KIO
23.979167,97.904722,KIO
24.760000,97.563333,KIO
22.000000,98.000000,KIO
26.000000,97.500000,KIO
24.942261,96.313449,KIO
23.836011,97.681672,KIO
25.312833,97.684044,KIO
22.000000,98.000000,KIO
23.457894,97.937993,KIO
23.960382,97.358798,KIO
23.951216,97.398028,KIO
24.260229,97.178824,KIO
23.457894,97.937993,KIO
22.967835,97.794534,KIO
23.457894,97.937993,KIO
24.942261,96.313449,KIO
25.305430,96.935365,KIO
23.306511,98.182546,KIO
23.306511,98.182546,KIO
25.616667,96.316667,KIO
26.509765,96.712445,KIO
26.509765,96.712445,KIO
26.509765,96.712445,KIO
25.616667,96.316667,KIO
23.979167,97.904722,KIO
23.457894,97.937993,KIO
26.000000,97.500000,KIO
23.960382,97.358798,KIO
25.616667,96.316667,KIO
25.195076,96.597658,KIO
25.616667,96.316667,KIO
25.616667,96.316667,KIO
25.616667,96.316667,KIO
22.000000,98.000000,KIO
23.979167,97.904722,KIO
26.578355,97.690334,KIO
26.000000,97.500000,KIO
23.960382,97.358798,KIO
23.960382,97.358798,KIO
23.960382,97.358798,KIO
23.979167,97.904722,KIO
23.960382,97.358798,KIO
23.960382,97.358798,KIO
26.000000,97.500000,KIO
24.942261,96.313449,KIO
25.616667,96.316667,KIO
23.957135,98.129121,KIO
24.260229,97.178824,KIO
24.814875,97.428146,KIO
22.967835,97.794534,KIO
25.679728,96.481155,KIO
25.679728,96.481155,KIO
24.260229,97.178824,KIO
26.000000,97.500000,KIO
22.967835,97.794534,KIO
26.000000,97.500000,KIO
25.679728,96.481155,KIO
24.613717,97.461027,KIO
25.312833,97.684044,KIO
23.705275,98.034294,KIO
23.957135,98.129121,KIO
23.301979,97.963328,KIO
25.312833,97.684044,KIO
23.957135,98.129121,KIO
26.509765,96.712445,KIO
26.509765,96.712445,KIO
22.967835,97.794534,KIO
26.000000,97.500000,KIO
25.918139,96.658273,KIO
26.509765,96.712445,KIO
26.000000,97.500000,KIO
24.119710,97.294235,KIO
24.099889,98.312316,KIO
26.509765,96.712445,KIO
26.247020,96.555580,KIO
24.942261,96.313449,KIO
26.000000,97.500000,KIO
24.942261,96.313449,KIO
25.679728,96.481155,KIO
26.509765,96.712445,KIO
26.000000,97.500000,KIO
25.679728,96.481155,KIO
26.000000,97.500000,KIO
22.967835,97.794534,KIO
25.226425,96.793545,KIO
23.574375,98.076855,KIO
25.679728,96.481155,KIO
23.574375,98.076855,KIO
25.679728,96.481155,KIO
26.509765,96.712445,KIO
22.967835,97.794534,KIO
26.144739,97.515441,KIO
24.260229,97.178824,KIO
22.967835,97.794534,KIO
23.251140,97.120372,KIO
23.574375,98.076855,KIO
23.957135,98.129121,KIO
23.477810,97.958510,KIO
24.942261,96.313449,KIO
23.574375,98.076855,KIO
25.312833,97.684044,KIO
23.574375,98.076855,KIO
23.251140,97.120372,KIO
23.574375,98.076855,KIO
24.213536,96.764702,KIO
24.213536,96.764702,KIO
23.957135,98.129121,KIO
24.774342,96.363573,KIO
25.305430,96.935365,KIO
25.679728,96.481155,KIO
25.790228,98.325242,KIO
25.679728,96.481155,KIO
24.521431,97.431576,KIO
24.521431,97.431576,KIO
23.251140,97.120372,KIO
24.521431,97.431576,KIO
25.679728,96.481155,KIO
26.509765,96.712445,KIO
25.958462,97.526011,KIO
25.679728,96.481155,KIO
24.521431,97.431576,KIO
24.521431,97.431576,KIO
24.119710,97.294235,KIO
24.521431,97.431576,KIO
24.431330,97.408400,KIO
26.000000,95.683333,KIO
24.215426,96.375620,KIO
25.679728,96.481155,KIO
23.574375,98.076855,KIO
23.796980,95.862660,KIO
24.215426,96.375620,KIO
22.551500,95.750330,KIO
23.500000,95.500000,KIO
24.215426,96.375620,KIO
23.500000,95.500000,KIO
25.312833,97.684044,KIO
24.942261,96.313449,KIO
25.312833,97.684044,KIO
25.359051,97.473824,KIO
24.469064,96.181698,KIO
25.679728,96.481155,KIO
22.891960,96.614500,KIO
24.215426,96.375620,KIO
26.000000,97.500000,KIO
26.000000,97.500000,KIO
24.215426,96.375620,KIO
25.679728,96.481155,KIO
24.942261,96.313449,KIO
24.942261,96.313449,KIO
25.679728,96.481155,KIO
22.850291,95.104417,KIO
25.679728,96.481155,KIO
25.679728,96.481155,KIO
25.679728,96.481155,KIO
23.705275,98.034294,KIO
27.313260,97.257317,KIO
25.386411,97.394394,KIO
25.679728,96.481155,KIO
24.639230,96.216380,KIO
25.679728,96.481155,KIO
27.333056,97.427500,KIO
26.000000,97.500000,KIO
24.850070,96.422720,KIO
24.774342,96.363573,KIO
24.752636,97.556118,KIO
25.312833,97.684044,KIO
23.957135,98.129121,KIO
24.369140,96.611750,KIO
25.679728,96.481155,KIO
25.679728,96.481155,KIO
23.955430,95.357323,KIO
25.679728,96.481155,KIO
26.509765,96.712445,KIO
25.679728,96.481155,KIO
24.942261,96.313449,KIO
23.574375,98.076855,KIO
25.790228,98.325242,KIO
24.942261,96.313449,KIO
24.213536,96.764702,KIO
24.550674,96.202598,KIO
26.505825,97.460880,KIO
23.574375,98.076855,KIO
23.574375,98.076855,KIO
25.542058,97.305879,KIO
24.215426,96.375620,KIO
24.215426,96.375620,KIO
25.679728,96.481155,KIO
24.119710,97.294235,KIO
23.083333,97.400000,KIO
25.312833,97.684044,KIO
24.220520,96.142320,KIO
22.638230,95.446110,KIO
25.679728,96.481155,KIO
26.509765,96.712445,KIO
25.679728,96.481155,KIO
24.864751,95.415249,KIO
23.574375,98.076855,KIO
23.601770,98.464610,KIO
24.235603,96.063987,KIO
25.312833,97.684044,KIO
24.304878,96.048906,KIO
24.119710,97.294235,KIO
25.679728,96.481155,KIO
25.679728,96.481155,KIO
25.679728,96.481155,KIO
24.165619,96.363356,KIO
24.864751,95.415249,KIO
24.213536,96.764702,KIO
26.509765,96.712445,KIO
26.509765,96.712445,KIO
23.251140,97.120372,KIO
23.574375,98.076855,KIO
24.235603,96.063987,KIO
24.165619,96.363356,KIO
25.616772,97.861874,KIO
24.213536,96.764702,KIO
23.626992,96.641867,KIO
22.676970,95.400870,KIO
24.235603,96.063987,KIO
25.679728,96.481155,KIO
24.119710,97.294235,KIO
24.504002,95.733794,KIO
24.213536,96.764702,KIO
23.309410,98.231553,KIO
23.251140,97.120372,KIO
24.504002,95.733794,KIO
24.603590,97.358850,KIO
25.777281,96.381558,KIO
24.521431,97.431576,KIO
24.235603,96.063987,KIO
24.235603,96.063987,KIO
24.215426,96.375620,KIO
25.679728,96.481155,KIO
25.679728,96.481155,KIO
25.679728,96.481155,KIO
25.679728,96.481155,KIO
23.760029,96.233117,KIO
25.679728,96.481155,KIO
24.235603,96.063987,KIO
26.509765,96.712445,KIO
25.679728,96.481155,KIO
25.679728,96.481155,KIO
24.220520,96.142320,KIO
25.542058,97.305879,KIO
24.584810,94.991700,KIO
26.505825,97.460880,KIO
26.500152,96.583162,KIO
24.215426,96.375620,KIO
24.213536,96.764702,KIO
24.213536,96.764702,KIO
24.942261,96.313449,KIO
23.760029,96.233117,KIO
23.766019,95.813102,KIO
24.942261,96.313449,KIO
24.215426,96.375620,KIO
23.680050,95.848020,KIO
24.521431,97.431576,KIO
24.685684,94.732747,KIO
24.685684,94.732747,KIO
25.679728,96.481155,KIO
24.213536,96.764702,KIO
24.119710,97.294235,KIO
23.567632,97.868710,KIO
23.574375,98.076855,KIO
23.756618,98.181414,KIO
23.574375,98.076855,KIO
23.971200,97.227870,KIO
24.119710,97.294235,KIO
25.679728,96.481155,KIO
23.723610,95.754900,KIO
24.213536,96.764702,KIO
23.574375,98.076855,KIO
24.942261,96.313449,KIO
23.602184,98.730725,KIO
24.235603,96.063987,KIO
24.119710,97.294235,KIO
24.235603,96.063987,KIO
26.505825,97.460880,KIO
24.942261,96.313449,KIO
25.542058,97.305879,KIO
27.313260,97.257317,KIO
24.248471,96.246182,KIO
24.504002,95.733794,KIO
24.015576,96.744241,KIO
24.213536,96.764702,KIO
24.235603,96.063987,KIO
24.832074,95.703783,KIO
24.015576,96.744241,KIO
25.679728,96.481155,KIO
24.213536,96.764702,KIO
23.863221,97.085188,KIO
23.760029,96.233117,KIO
24.942261,96.313449,KIO
23.760029,96.233117,KIO
25.679728,96.481155,KIO
24.235603,96.063987,KIO
24.235603,96.063987,KIO
22.945343,96.427239,KIO
22.870232,96.542700,KIO
24.213536,96.764702,KIO
23.626992,96.641867,KIO
25.679728,96.481155,KIO
25.679728,96.481155,KIO
23.760029,96.233117,KIO
23.766019,95.813102,KIO
23.766019,95.813102,KIO
23.788583,95.679642,KIO
25.679728,96.481155,KIO
25.679728,96.481155,KIO
24.942261,96.313449,KIO
23.770020,95.619569,KIO
24.504002,95.733794,KIO
24.510450,95.530180,KIO
24.235603,96.063987,KIO
23.766019,95.813102,KIO
23.766019,95.813102,KIO
23.766019,95.813102,KIO
23.766019,95.813102,KIO
25.679728,96.481155,KIO
25.679728,96.481155,KIO
25.312833,97.684044,KIO
26.509765,96.712445,KIO
23.788583,95.679642,KIO
25.679728,96.481155,KIO
23.457278,97.931008,KIO
23.284600,97.953844,KIO
25.523056,96.711667,KIO
23.548403,97.895863,KIO
25.616667,96.316667,KIO
24.237330,96.189698,KIO
24.215426,96.375620,KIO
24.217606,96.433967,KIO
25.679728,96.481155,KIO
23.955430,95.357323,KIO
24.118100,96.925310,KIO
24.137210,96.900800,KIO
23.760029,96.233117,KIO
23.975596,97.978006,KIO
23.760029,96.233117,KIO
24.521431,97.431576,KIO
24.774342,96.363573,KIO
26.000000,97.500000,KIO
23.991149,95.756421,KIO
25.679728,96.481155,KIO
25.092290,96.288540,KIO
24.235603,96.063987,KIO
23.788583,95.679642,KIO
26.144739,97.515441,KIO
25.679728,96.481155,KIO
24.208740,97.218320,KIO
25.679728,96.481155,KIO
24.864751,95.415249,KIO
25.616667,96.316667,KIO
23.903222,95.782444,KIO
24.521431,97.431576,KIO
23.788583,95.679642,KIO
25.679728,96.481155,KIO
23.309410,98.231553,KIO
24.782060,97.562470,KIO
23.574375,98.076855,KIO
24.871837,97.517084,KIO
24.337215,97.185238,KIO
25.679728,96.481155,KIO
25.525520,96.134960,KIO
24.176750,96.804860,KIO
24.099889,98.312316,KIO
23.975596,97.978006,KIO
24.871837,97.517084,KIO
24.752636,97.556118,KIO
23.788583,95.679642,KIO
23.788583,95.679642,KIO
24.165619,96.363356,KIO
23.783115,94.143973,KIO
24.003684,94.233394,KIO
23.183333,94.050000,KIO
23.760029,96.233117,KIO
23.717448,96.155125,KIO
23.754583,96.145991,KIO
24.504002,95.733794,KIO
23.760029,96.233117,KIO
23.574375,98.076855,KIO
23.760029,96.233117,KIO
23.760029,96.233117,KIO
23.991149,95.756421,KIO
24.226730,96.790850,KIO
24.235603,96.063987,KIO
24.235603,96.063987,KIO
24.235603,96.063987,KIO
24.180646,96.330905,KIO
24.845900,97.087560,KIO
24.215426,96.375620,KIO
23.788583,95.679642,KIO
23.760029,96.233117,KIO
18.640867,97.654406,KNPP
19.250000,97.500000,KNPP
22.000000,98.000000,KNPP
14.705158,98.331783,KNPP
19.224233,97.838011,KNPP
19.224233,97.838011,KNPP
19.224233,97.838011,KNPP
19.224233,97.838011,KNPP
14.705158,98.331783,KNPP
19.250000,97.500000,KNPP
19.173853,97.840192,KNPP
19.250000,97.500000,KNPP
19.250000,97.500000,KNPP
22.000000,98.000000,KNPP
22.000000,98.000000,KNPP
19.250000,97.500000,KNPP
19.250000,97.500000,KNPP
22.000000,98.000000,KNPP
22.000000,98.000000,KNPP
19.250000,97.500000,KNPP
19.250000,97.500000,KNPP
17.942742,97.702667,KNPP
19.250000,97.500000,KNPP
19.250000,97.500000,KNPP
19.250000,97.500000,KNPP
22.000000,98.000000,KNPP
19.173853,97.840192,KNPP
19.173853,97.840192,KNPP
14.705158,98.331783,KNPP
22.000000,98.000000,KNPP
19.250000,97.500000,KNPP
19.250000,97.500000,KNPP
22.000000,98.000000,KNPP
22.000000,98.000000,KNPP
17.942742,97.702667,KNPP
19.250000,97.500000,KNPP
19.674167,97.209444,KNPP
22.000000,98.000000,KNPP
18.816667,97.150000,KNPP
19.250000,97.500000,KNPP
19.173853,97.840192,KNPP
22.000000,98.000000,KNPP
22.000000,98.000000,KNPP
19.491250,97.341751,KNPP
19.250000,97.500000,KNPP
22.000000,98.000000,KNPP
22.000000,98.000000,KNPP
19.250000,97.500000,KNPP
18.816667,97.150000,KNPP
22.000000,98.000000,KNPP
22.000000,98.000000,KNPP
22.000000,98.000000,KNPP
19.058900,96.875358,KNPP
19.250000,97.500000,KNPP
22.000000,98.000000,KNPP
19.674167,97.209444,KNPP
19.250000,97.500000,KNPP
19.250000,97.500000,KNPP
19.250000,97.500000,KNPP
19.491250,97.341751,KNPP
19.250000,97.500000,KNPP
17.500000,97.750000,KNPP
18.816667,97.150000,KNPP
19.711192,97.295318,KNPP
19.531482,97.046837,KNPP
19.739710,97.079654,KNPP
19.531482,97.046837,KNPP
18.909050,97.552691,KNPP
19.711192,97.295318,KNPP
19.292390,97.224040,KNPP
19.531482,97.046837,KNPP
19.263020,97.064310,KNPP
19.440780,97.131960,KNPP
19.754429,97.014054,KNPP
19.014265,97.261927,KNPP
19.711192,97.295318,KNPP
19.711192,97.295318,KNPP
19.531482,97.046837,KNPP
19.597313,97.211902,KNPP
19.622860,97.206000,KNPP
19.486750,97.145810,KNPP
19.597313,97.211902,KNPP
19.597313,97.211902,KNPP
19.622860,97.206000,KNPP
19.587440,97.147060,KNPP
19.587440,97.147060,KNPP
19.587440,97.147060,KNPP
19.263020,97.064310,KNPP
19.014265,97.261927,KNPP
19.531482,97.046837,KNPP
19.525030,97.145340,KNPP
19.550728,97.157733,KNPP
19.754429,97.014054,KNPP
19.754429,97.014054,KNPP
19.754429,97.014054,KNPP
19.754429,97.014054,KNPP
19.531482,97.046837,KNPP
19.598197,97.208301,KNPP
19.531482,97.046837,KNPP
19.531482,97.046837,KNPP
19.622860,97.206000,KNPP
19.531482,97.046837,KNPP
19.622860,97.206000,KNPP
19.638900,97.207860,KNPP
19.615290,97.187780,KNPP
19.589690,97.203130,KNPP
19.711192,97.295318,KNPP
19.555138,97.611889,KNPP
19.531482,97.046837,KNPP
19.263020,97.064310,KNPP
19.531482,97.046837,KNPP
19.531482,97.046837,KNPP
19.555138,97.611889,KNPP
19.674167,97.209444,KNPP
19.674167,97.209444,KNPP
19.597313,97.211902,KNPP
19.711192,97.295318,KNPP
19.622860,97.206000,KNPP
19.674167,97.209444,KNPP
19.674167,97.209444,KNPP
19.550728,97.157733,KNPP
19.674167,97.209444,KNPP
19.674167,97.209444,KNPP
19.711192,97.295318,KNPP
19.137888,97.742000,KNPP
19.562020,97.168080,KNPP
19.711192,97.295318,KNPP
19.656960,97.111700,KNPP
19.531482,97.046837,KNPP
19.116864,97.324744,KNPP
19.531482,97.046837,KNPP
19.250000,97.500000,KNPP
19.250000,97.500000,KNPP
19.551120,97.131290,KNPP
19.551120,97.131290,KNPP
19.352670,97.194630,KNPP
19.352670,97.194630,KNPP
19.352670,97.194630,KNPP
19.555138,97.611889,KNPP
19.491250,97.341751,KNPP
19.352670,97.194630,KNPP
19.711192,97.295318,KNPP
19.501850,97.095390,KNPP
19.263020,97.064310,KNPP
19.263020,97.064310,KNPP
19.754429,97.014054,KNPP
19.555138,97.611889,KNPP
19.531482,97.046837,KNPP
19.263020,97.064310,KNPP
19.014265,97.261927,KNPP
19.263020,97.064310,KNPP
19.555138,97.611889,KNPP
19.481770,97.135469,KNPP
19.014265,97.261927,KNPP
19.263020,97.064310,KNPP
19.531482,97.046837,KNPP
19.531482,97.046837,KNPP
19.739710,97.079654,KNPP
19.739710,97.079654,KNPP
19.739710,97.079654,KNPP
19.754429,97.014054,KNPP
19.601449,97.132921,KNPP
19.555138,97.611889,KNPP
19.481770,97.135469,KNPP
19.263020,97.064310,KNPP
19.531482,97.046837,KNPP
19.263020,97.064310,KNPP
19.170060,97.239660,KNPP
19.555138,97.611889,KNPP
19.531482,97.046837,KNPP
18.869353,97.526412,KNPP
19.263020,97.064310,KNPP
19.555138,97.611889,KNPP
19.754429,97.014054,KNPP
19.014265,97.261927,KNPP
19.531482,97.046837,KNPP
19.754429,97.014054,KNPP
19.137888,97.742000,KNPP
19.531482,97.046837,KNPP
19.562180,97.221720,KNPP
19.119620,97.326480,KNPP
19.322290,97.365952,KNPP
19.531482,97.046837,KNPP
19.531482,97.046837,KNPP
19.295180,97.368240,KNPP
19.531482,97.046837,KNPP
18.642877,97.654157,KNPP
18.642877,97.654157,KNPP
18.909050,97.552691,KNPP
18.909050,97.552691,KNPP
19.555138,97.611889,KNPP
18.770700,97.388550,KNPP
18.642877,97.654157,KNPP
19.486750,97.145810,KNPP
19.674167,97.209444,KNPP
19.586053,97.410114,KNPP
19.531482,97.046837,KNPP
19.263020,97.064310,KNPP
19.263020,97.064310,KNPP
18.642877,97.654157,KNPP
19.674167,97.209444,KNPP
19.674167,97.209444,KNPP
19.674167,97.209444,KNPP
19.674167,97.209444,KNPP
19.674167,97.209444,KNPP
19.250000,97.500000,KNPP
19.491250,97.341751,KNPP
19.674167,97.209444,KNPP
19.674167,97.209444,KNPP
19.674167,97.209444,KNPP
19.674167,97.209444,KNPP
19.674167,97.209444,KNPP
19.674167,97.209444,KNPP
18.753869,97.479710,KNPP
19.555138,97.611889,KNPP
20.001944,99.052500,MTA
22.000000,98.000000,MTA
21.646706,98.124239,MTA
17.942742,97.702667,MTA
22.000000,98.000000,MTA
22.000000,98.000000,MTA
22.000000,98.000000,MTA
22.000000,98.000000,MTA
20.022710,99.024254,MTA
20.533333,99.250000,MTA
21.280781,99.605689,MTA
19.952500,98.743889,MTA
22.000000,98.000000,MTA
22.000000,98.000000,MTA
20.925000,97.563889,MTA
22.000000,98.000000,MTA
22.000000,98.000000,MTA
20.447500,99.880833,MTA
20.447500,99.880833,MTA
19.952500,98.743889,MTA
20.294722,98.934444,MTA
22.000000,98.000000,MTA
22.000000,98.000000,MTA
20.447500,99.880833,MTA
22.000000,98.000000,MTA
20.447500,99.880833,MTA
21.280781,99.605689,MTA
20.447500,99.880833,MTA
22.000000,98.000000,MTA
22.900000,98.916667,MTA
22.000000,98.000000,RCSS
21.316667,98.400000,RCSS
22.000000,98.000000,RCSS
21.304659,98.429888,RCSS
21.304659,98.429888,RCSS
22.000000,98.000000,RCSS
21.272245,97.668024,RCSS
21.906598,98.365374,RCSS
20.891840,97.716720,RCSS
22.000000,98.000000,RCSS
21.674578,100.024264,RCSS
21.102417,98.111969,RCSS
22.900000,98.916667,RCSS
20.925000,97.563889,RCSS
22.000000,98.000000,RCSS
22.900000,98.916667,RCSS
22.000000,98.000000,RCSS
19.173853,97.840192,RCSS
22.900000,98.916667,RCSS
19.173853,97.840192,RCSS
21.304659,98.429888,RCSS
22.000000,98.000000,RCSS
20.925000,97.563889,RCSS
22.000000,98.000000,RCSS
20.001944,99.052500,RCSS
22.000000,98.000000,RCSS
20.001944,99.052500,RCSS
20.001944,99.052500,RCSS
20.447500,99.880833,RCSS
20.001944,99.052500,RCSS
20.295908,98.894789,RCSS
20.001944,99.052500,RCSS
20.001944,99.052500,RCSS
19.173853,97.840192,RCSS
20.533333,99.250000,RCSS
22.000000,98.000000,RCSS
22.000000,98.000000,RCSS
22.000000,98.000000,RCSS
20.891840,97.716720,RCSS
20.001944,99.052500,RCSS
16.686389,98.506111,RCSS
16.686389,98.506111,RCSS
22.000000,98.000000,RCSS
22.000000,98.000000,RCSS
22.000000,98.000000,RCSS
20.875833,99.922778,RCSS
22.000000,98.000000,RCSS
22.965028,97.161526,RCSS
20.447500,99.880833,RCSS
22.000000,98.000000,RCSS
21.304659,98.429888,RCSS
20.875833,99.922778,RCSS
22.000000,98.000000,RCSS
22.000000,98.000000,RCSS
22.000000,98.000000,RCSS
22.000000,98.000000,RCSS
21.607778,97.530556,RCSS
20.875833,99.922778,RCSS
20.447500,99.880833,RCSS
20.447500,99.880833,RCSS
20.447500,99.880833,RCSS
22.000000,98.000000,RCSS
21.280781,99.605689,RCSS
21.607778,97.530556,RCSS
22.000000,98.000000,RCSS
21.304659,98.429888,RCSS
22.000000,98.000000,RCSS
20.317697,98.366500,RCSS
22.000000,98.000000,RCSS
22.000000,98.000000,RCSS
21.929133,97.820990,RCSS
22.000000,98.000000,RCSS
19.173853,97.840192,RCSS
21.929133,97.820990,RCSS
21.607778,97.530556,RCSS
21.304659,98.429888,RCSS
21.286142,98.532075,RCSS
22.000000,98.000000,RCSS
22.000000,98.000000,RCSS
22.000000,98.000000,RCSS
21.929133,97.820990,RCSS
23.836011,97.681672,RCSS
21.646706,98.124239,RCSS
22.000000,98.000000,RCSS
22.000000,98.000000,RCSS
22.000000,98.000000,RCSS
22.000000,98.000000,RCSS
21.607778,97.530556,RCSS
22.000000,98.000000,RCSS
22.000000,98.000000,RCSS
21.906598,98.365374,RCSS
21.929133,97.820990,RCSS
21.646706,98.124239,RCSS
22.000000,98.000000,RCSS
22.000000,98.000000,RCSS
22.000000,98.000000,RCSS
22.000000,98.000000,RCSS
20.447500,99.880833,RCSS
21.929133,97.820990,RCSS
26.000000,95.000000,RCSS
22.000000,98.000000,RCSS
21.100000,98.100000,RCSS
21.304659,98.429888,RCSS
24.014802,96.474290,RCSS
23.836011,97.681672,RCSS
21.347307,99.318671,RCSS
22.000000,98.000000,RCSS
21.304659,98.429888,RCSS
20.925000,97.563889,RCSS
20.925000,97.563889,RCSS
20.928447,97.483797,RCSS
20.925000,97.563889,RCSS
20.812943,97.455961,RCSS
20.891840,97.716720,RCSS
22.000000,98.000000,RCSS
20.891840,97.716720,RCSS
21.272245,97.668024,RCSS
21.108109,99.627661,RCSS
21.607778,97.530556,RCSS
21.032392,97.478839,RCSS
22.621724,97.054425,RCSS
21.607778,97.530556,RCSS
21.607778,97.530556,RCSS
22.375600,97.560583,RCSS
22.599436,96.913549,RCSS
22.599436,96.913549,RCSS
22.979572,97.151323,RCSS
22.000000,98.000000,UWSA
22.000000,98.000000,UWSA
22.000000,98.000000,UWSA
20.001944,99.052500,UWSA
20.294722,98.934444,UWSA
20.533333,99.250000,UWSA
22.000000,98.000000,UWSA
23.425264,98.751875,UWSA
22.000000,98.000000,UWSA
20.294722,98.934444,UWSA
22.000000,98.000000,MNDAA
23.690225,98.765042,MNDAA
22.000000,98.000000,MNDAA
22.000000,98.000000,MNDAA
22.000000,98.000000,MNDAA
22.000000,98.000000,MNDAA
22.000000,98.000000,MNDAA
23.690225,98.765042,MNDAA
23.690225,98.765042,MNDAA
17.942742,97.702667,MNDAA
23.416667,98.650000,MNDAA
23.700000,98.750000,MNDAA
23.700000,98.750000,MNDAA
22.950000,97.950000,MNDAA
23.700000,98.750000,MNDAA
23.700000,98.750000,MNDAA
23.700000,98.750000,MNDAA
23.700000,98.750000,MNDAA
23.700000,98.750000,MNDAA
23.700000,98.750000,MNDAA
23.700000,98.750000,MNDAA
23.700000,98.750000,MNDAA
22.967835,97.794534,MNDAA
23.700000,98.750000,MNDAA
22.967835,97.794534,MNDAA
23.700000,98.750000,MNDAA
23.690225,98.765042,MNDAA
23.700000,98.750000,MNDAA
23.700000,98.750000,MNDAA
23.690225,98.765042,MNDAA
23.700000,98.750000,MNDAA
23.690225,98.765042,MNDAA
23.700000,98.750000,MNDAA
23.583995,98.785508,MNDAA
23.690225,98.765042,MNDAA
23.754052,98.646785,MNDAA
23.583995,98.785508,MNDAA
23.690225,98.765042,MNDAA
23.700000,98.750000,MNDAA
23.690225,98.765042,MNDAA
23.700000,98.750000,MNDAA
23.700000,98.750000,MNDAA
23.690225,98.765042,MNDAA
23.700000,98.750000,MNDAA
23.457894,97.937993,MNDAA
23.690225,98.765042,MNDAA
23.938505,98.560525,MNDAA
23.700000,98.750000,MNDAA
23.938505,98.560525,MNDAA
23.700000,98.750000,MNDAA
23.700000,98.750000,MNDAA
23.700000,98.750000,MNDAA
23.690225,98.765042,MNDAA
23.690225,98.765042,MNDAA
23.938505,98.560525,MNDAA
23.700000,98.750000,MNDAA
22.967835,97.794534,MNDAA
23.754949,98.799687,MNDAA
23.690225,98.765042,MNDAA
23.690225,98.765042,MNDAA
23.700000,98.750000,MNDAA
23.700000,98.750000,MNDAA
23.938505,98.560525,MNDAA
23.690225,98.765042,MNDAA
23.690225,98.765042,MNDAA
23.690225,98.765042,MNDAA
23.938505,98.560525,MNDAA
23.938505,98.560525,MNDAA
23.938505,98.560525,MNDAA
23.306511,98.182546,MNDAA
23.690225,98.765042,MNDAA
22.000000,98.000000,MNDAA
23.583300,98.500000,MNDAA
23.574375,98.076855,MNDAA
23.457278,97.931008,MNDAA
23.602184,98.730725,MNDAA
22.774032,97.643929,MNDAA
24.099889,98.312316,MNDAA
23.957135,98.129121,MNDAA
22.967835,97.794534,MNDAA
24.099889,98.312316,MNDAA
24.099889,98.312316,MNDAA
24.099889,98.312316,MNDAA
22.000000,98.000000,MNDAA
23.705275,98.034294,MNDAA
22.531783,96.479359,MNDAA
23.705275,98.034294,MNDAA
24.099889,98.312316,MNDAA
24.099889,98.312316,MNDAA
24.113010,98.424930,MNDAA
24.099889,98.312316,MNDAA
24.099889,98.312316,MNDAA
23.812595,98.638092,MNDAA
23.957135,98.129121,MNDAA
23.957135,98.129121,MNDAA
23.309410,98.231553,MNDAA
23.309410,98.231553,MNDAA
23.309410,98.231553,MNDAA
23.583300,98.500000,MNDAA
22.989489,97.938218,MNDAA
23.812595,98.638092,MNDAA
22.989489,97.938218,MNDAA
23.474315,98.816565,MNDAA
23.602184,98.730725,MNDAA
23.583190,98.813026,MNDAA
24.099889,98.312316,MNDAA
24.099889,98.312316,MNDAA
23.583300,98.500000,MNDAA
23.583300,98.500000,MNDAA
23.309410,98.231553,MNDAA
23.975596,97.978006,MNDAA
23.812595,98.638092,MNDAA
23.975596,97.978006,MNDAA
23.583300,98.500000,MNDAA
23.750000,93.733333,CNF
22.619989,93.366883,CNF
22.000000,93.500000,CNF
22.000000,93.500000,CNF
22.000000,98.000000,CNF
22.549555,93.381218,CNF
22.549555,93.381218,CNF
22.699150,93.428201,CNF
22.279096,94.151406,CNF
22.404221,93.800123,CNF
22.857410,93.593280,CNF
22.404221,93.800123,CNF
21.446582,93.163650,CNF
23.145821,93.533285,CNF
22.549555,93.381218,CNF
22.731639,93.570026,CNF
23.348410,93.382670,CNF
21.446582,93.163650,CNF
21.446582,93.163650,CNF
22.783740,93.568955,CNF
22.783740,93.568955,CNF
21.476844,93.722247,CNF
22.477408,93.533921,CNF
22.477408,93.533921,CNF
21.233161,93.902764,CNF
21.795605,93.436685,CNF
22.936139,93.866990,CNF
21.795605,93.436685,CNF
22.699150,93.428201,CNF
22.699150,93.428201,CNF
21.360100,93.894370,CNF
21.374056,93.023824,CNF
21.571476,93.300195,CNF
21.446582,93.163650,CNF
22.783740,93.568955,CNF
22.783740,93.568955,CNF
22.783740,93.568955,CNF
22.640507,93.601841,CNF
22.770280,93.567410,CNF
22.640507,93.601841,CNF
23.249007,93.417100,CNF
22.404221,93.800123,CNF
23.008200,93.336940,CNF
22.404221,93.800123,CNF
22.404221,93.800123,CNF
22.404221,93.800123,CNF
22.507640,93.544482,CNF
21.376475,93.966364,CNF
22.640507,93.601841,CNF
22.640507,93.601841,CNF
22.404221,93.800123,CNF
22.640507,93.601841,CNF
21.374056,93.023824,CNF
22.699150,93.428201,CNF
20.935258,93.882647,CNF
22.936139,93.866990,CNF
22.699150,93.428201,CNF
22.699150,93.428201,CNF
22.699150,93.428201,CNF
22.699150,93.428201,CNF
23.348410,93.382670,CNF
23.500000,95.500000,NSCN-K
23.750000,93.733333,NSCN-K
22.000000,93.500000,NSCN-K
22.000000,93.500000,NSCN-K
23.500000,95.500000,NSCN-K
26.333333,95.433333,NSCN-K
27.000000,96.000000,NSCN-K
23.500000,95.500000,NSCN-K
23.500000,95.500000,NSCN-K
23.500000,95.500000,NSCN-K
23.500000,95.500000,NSCN-K
23.500000,95.500000,NSCN-K
23.500000,95.500000,NSCN-K
23.500000,95.500000,NSCN-K
23.500000,95.500000,NSCN-K
23.500000,95.500000,NSCN-K
23.500000,95.500000,NSCN-K
23.500000,95.500000,NSCN-K
20.138358,92.887325,ULA
21.388336,93.077728,ULA
20.905221,92.939100,ULA
20.905221,92.939100,ULA
20.391694,93.171917,ULA
20.391694,93.171917,ULA
20.391694,93.171917,ULA
20.391694,93.171917,ULA
20.931084,93.005960,ULA
21.374056,93.023824,ULA
20.875369,92.529996,ULA
21.374056,93.023824,ULA
21.987489,92.864326,ULA
21.987489,92.864326,ULA
20.875369,92.529996,ULA
21.811309,92.712371,ULA
21.903110,92.693656,ULA
21.374056,93.023824,ULA
21.374056,93.023824,ULA
20.391694,93.171917,ULA
21.374056,93.023824,ULA
21.374056,93.023824,ULA
21.254797,92.693827,ULA
20.875369,92.529996,ULA
20.484947,92.755714,ULA
20.875369,92.529996,ULA
20.601820,92.750600,ULA
19.000000,94.250000,ULA
20.391694,93.171917,ULA
20.391694,93.171917,ULA
21.374056,93.023824,ULA
21.374056,93.023824,ULA
19.000000,94.250000,ULA
21.151251,92.429176,ULA
20.875369,92.529996,ULA
20.875369,92.529996,ULA
20.391694,93.171917,ULA
20.795350,92.598620,ULA
20.875369,92.529996,ULA
20.603283,92.739330,ULA
20.922044,92.360793,ULA
20.659763,92.747137,ULA
20.810490,93.107697,ULA
20.810490,93.107697,ULA
20.741301,93.146606,ULA
20.810490,93.107697,ULA
20.840990,93.072243,ULA
20.450081,92.688728,ULA
20.600000,93.200000,ULA
21.374056,93.023824,ULA
20.914149,92.947448,ULA
20.875369,92.529996,ULA
21.374056,93.023824,ULA
21.374056,93.023824,ULA
20.509938,92.990406,ULA
20.600000,93.200000,ULA
20.600000,93.200000,ULA
21.374056,93.023824,ULA
21.374056,93.023824,ULA
21.374056,93.023824,ULA
20.570230,92.977379,ULA
20.659763,92.747137,ULA
20.714032,93.127037,ULA
20.875369,92.529996,ULA
20.914149,92.947448,ULA
20.914149,92.947448,ULA
20.664303,93.237335,ULA
20.586667,93.196389,ULA
20.558390,93.195590,ULA
20.875369,92.529996,ULA
20.435966,93.361269,ULA
20.600000,93.200000,ULA
20.844680,92.975270,ULA
21.304470,92.855510,ULA
20.951080,93.000080,ULA
20.911020,93.016258,ULA
21.374056,93.023824,ULA
21.304470,92.855510,ULA
21.374056,93.023824,ULA
20.416925,93.467111,ULA
20.447306,93.313620,ULA
20.146240,92.898350,ULA
20.600000,93.200000,ULA
20.416925,93.467111,ULA
19.982170,93.553950,ULA
20.600000,93.200000,ULA
20.875369,92.529996,ULA
21.374056,93.023824,ULA
20.391694,93.171917,ULA
20.914149,92.947448,ULA
20.600000,93.200000,ULA
20.875369,92.529996,ULA
21.374056,93.023824,ULA
20.211060,92.852850,ULA
20.601820,92.750600,ULA
21.012850,92.985190,ULA
21.374056,93.023824,ULA
20.416925,93.467111,ULA
20.545228,92.897641,ULA
20.584220,93.316620,ULA
20.597060,93.262660,ULA
20.774044,93.092512,ULA
20.875369,92.529996,ULA
20.875369,92.529996,ULA
20.707790,92.911201,ULA
20.914149,92.947448,ULA
20.601820,92.750600,ULA
19.000000,94.250000,ULA
20.850039,92.451192,ULA
20.492993,92.733718,ULA
20.795350,92.598620,ULA
20.859690,93.050020,ULA
19.981840,93.688550,ULA
20.628230,93.278789,ULA
20.586667,93.196389,ULA
19.000000,94.250000,ULA
20.914149,92.947448,ULA
21.374056,93.023824,ULA
21.423849,92.792064,ULA
20.416925,93.467111,ULA
21.374056,93.023824,ULA
20.570230,92.977379,ULA
19.848320,93.692330,ULA
19.000000,94.250000,ULA
20.775621,92.613999,ULA
22.000000,98.000000,ULA
21.304470,92.855510,ULA
20.775621,92.613999,ULA
20.821480,92.603950,ULA
20.914149,92.947448,ULA
20.914149,92.947448,ULA
20.791029,92.622882,ULA
20.756651,92.637112,ULA
20.600000,93.200000,ULA
20.586667,93.196389,ULA
21.374056,93.023824,ULA
22.000000,98.000000,ULA
20.678210,92.663624,ULA
20.914149,92.947448,ULA
21.365580,92.993106,ULA
21.374056,93.023824,ULA
21.374056,93.023824,ULA
22.000000,98.000000,ULA
20.416925,93.467111,ULA
20.844680,92.975270,ULA
20.484947,92.755714,ULA
21.304470,92.855510,ULA
20.545228,92.897641,ULA
20.914149,92.947448,ULA
20.416925,93.467111,ULA
21.374056,93.023824,ULA
21.374056,93.023824,ULA
20.791029,92.622882,ULA
20.484947,92.755714,ULA
20.545228,92.897641,ULA
20.296720,92.880940,ULA
20.545228,92.897641,ULA
20.432279,92.650177,ULA
20.922044,92.360793,ULA
20.484947,92.755714,ULA
20.545228,92.897641,ULA
20.484947,92.755714,ULA
20.484947,92.755714,ULA
19.908970,93.999450,ULA
19.000000,94.250000,ULA
19.000000,94.250000,ULA
19.982170,93.553950,ULA
21.304470,92.855510,ULA
20.484947,92.755714,ULA
20.911648,92.590460,ULA
20.545228,92.897641,ULA
20.600000,93.200000,ULA
20.511000,92.582300,ULA
20.484947,92.755714,ULA
20.492993,92.733718,ULA
22.945343,96.427239,ULA
20.922044,92.360793,ULA
20.922044,92.360793,ULA
20.911424,92.400439,ULA
21.304470,92.855510,ULA
20.914149,92.947448,ULA
20.914149,92.947448,ULA
17.942742,97.702667,ULA
19.908970,93.999450,ULA
19.982170,93.553950,ULA
20.922044,92.360793,ULA
20.536447,92.626222,ULA
20.484947,92.755714,ULA
21.306960,92.823170,ULA
18.856090,94.240780,ULA
21.136600,92.328200,ULA
20.586667,93.196389,ULA
20.615740,93.222130,ULA
20.484947,92.755714,ULA
20.922044,92.360793,ULA
22.123580,92.752950,ULA
20.045468,93.372740,ULA
20.922044,92.360793,ULA
20.875369,92.529996,ULA
20.922044,92.360793,ULA
20.914149,92.947448,ULA
20.707158,92.864761,ULA
20.600000,93.200000,ULA
20.600000,93.200000,ULA
20.586667,93.196389,ULA
20.875369,92.529996,ULA
20.753400,92.544100,ULA
20.416925,93.467111,ULA
20.753400,92.544100,ULA
20.922044,92.360793,ULA
20.416925,93.467111,ULA
20.484947,92.755714,ULA
22.404221,93.800123,ULA
20.484947,92.755714,ULA
20.875369,92.529996,ULA
20.914149,92.947448,ULA
20.922044,92.360793,ULA
20.914149,92.947448,ULA
18.667177,94.266091,ULA
19.000000,94.250000,ULA
22.123580,92.752950,ULA
20.922044,92.360793,ULA
20.914149,92.947448,ULA
19.908970,93.999450,ULA
20.416925,93.467111,ULA
20.545228,92.897641,ULA
20.922044,92.360793,ULA
20.914149,92.947448,ULA
24.752636,97.556118,ULA
19.000000,94.250000,ULA
20.416925,93.467111,ULA
20.586667,93.196389,ULA
19.000000,94.250000,ULA
21.192370,92.256690,ULA
20.914149,92.947448,ULA
20.416925,93.467111,ULA
21.374056,93.023824,ULA
20.362007,93.273489,ULA
20.416925,93.467111,ULA
19.889730,93.801510,ULA
20.922044,92.360793,ULA
20.179267,93.068563,ULA
20.179267,93.068563,ULA
20.416925,93.467111,ULA
20.664303,93.237335,ULA
20.484947,92.755714,ULA
20.179267,93.068563,ULA
20.922044,92.360793,ULA
20.875369,92.529996,ULA
20.600000,93.200000,ULA
19.908970,93.999450,ULA
20.211060,92.852850,ULA
20.586667,93.196389,ULA
20.416925,93.467111,ULA
20.179267,93.068563,ULA
19.090450,93.862390,ULA
19.090450,93.862390,ULA
20.179267,93.068563,ULA
20.586667,93.196389,ULA
20.586667,93.196389,ULA
20.586667,93.196389,ULA
20.586667,93.196389,ULA
20.600000,93.200000,ULA
20.875369,92.529996,ULA
23.836011,97.681672,SSPP
22.000000,98.000000,SSPP
21.906598,98.365374,SSPP
21.906598,98.365374,SSPP
22.000000,98.000000,SSPP
21.906598,98.365374,SSPP
22.615957,97.863931,SSPP
21.929133,97.820990,SSPP
21.929133,97.820990,SSPP
21.286142,98.532075,SSPP
22.000000,98.000000,SSPP
21.039444,98.546667,SSPP
22.000000,98.000000,SSPP
22.000000,98.000000,SSPP
22.000000,98.000000,SSPP
22.616594,97.300331,SSPP
20.783333,97.033333,SSPP
22.000000,98.000000,SSPP
22.000000,98.000000,SSPP
21.929133,97.820990,SSPP
22.000000,98.000000,SSPP
22.428333,98.040278,SSPP
21.906598,98.365374,SSPP
22.495278,98.393056,SSPP
22.000000,98.000000,SSPP
22.000000,98.000000,SSPP
22.547101,98.124877,SSPP
22.355300,98.451900,SSPP
22.094000,96.956200,SSPP
21.929130,97.820990,SSPP
23.306511,98.182546,SSPP
22.000000,98.000000,SSPP
21.919271,98.132189,SSPP
21.919271,98.132189,SSPP
21.929133,97.820990,SSPP
21.906598,98.365374,SSPP
21.919271,98.132189,SSPP
21.929130,97.820990,SSPP
22.375600,97.560583,SSPP
22.599436,96.913549,SSPP
22.989489,97.938218,SSPP
22.599436,96.913549,SSPP
22.375600,97.560583,SSPP
22.375600,97.560583,SSPP
23.127082,96.601751,SSPP
23.127082,96.601751,SSPP
20.119499,97.906949,SSPP
21.100851,98.112001,SSPP
17.836972,97.678028,PSLF
22.000000,98.000000,PSLF
22.000000,98.000000,PSLF
25.616667,96.316667,PSLF
23.457894,97.937993,PSLF
22.851770,96.894950,PSLF
23.456667,97.940278,PSLF
22.500000,97.050000,PSLF
20.891840,97.716720,PSLF
22.000000,98.000000,PSLF
20.891840,97.716720,PSLF
22.950000,97.950000,PSLF
23.836011,97.681672,PSLF
23.416667,98.650000,PSLF
22.950000,97.950000,PSLF
23.456667,97.940278,PSLF
23.836011,97.681672,PSLF
22.500000,97.050000,PSLF
23.836011,97.681672,PSLF
23.092500,97.401111,PSLF
23.016297,96.587381,PSLF
22.967835,97.794534,PSLF
23.700000,98.750000,PSLF
23.306511,98.182546,PSLF
23.836011,97.681672,PSLF
23.575970,98.098620,PSLF
23.938505,98.560525,PSLF
23.690225,98.765042,PSLF
23.457894,97.937993,PSLF
23.836011,97.681672,PSLF
23.836011,97.681672,PSLF
23.457894,97.937993,PSLF
23.836011,97.681672,PSLF
23.979167,97.904722,PSLF
23.836011,97.681672,PSLF
22.500000,97.050000,PSLF
23.836011,97.681672,PSLF
23.836011,97.681672,PSLF
23.457894,97.937993,PSLF
22.500000,97.050000,PSLF
23.306511,98.182546,PSLF
22.000000,98.000000,PSLF
23.032280,97.134812,PSLF
23.032280,97.134812,PSLF
23.032280,97.134812,PSLF
23.378299,97.257543,PSLF
23.032280,97.134812,PSLF
22.500000,97.050000,PSLF
23.457894,97.937993,PSLF
23.147550,96.454553,PSLF
23.979167,97.904722,PSLF
23.032280,97.134812,PSLF
23.960382,97.358798,PSLF
22.500000,97.050000,PSLF
23.147550,96.454553,PSLF
23.147550,96.454553,PSLF
20.891840,97.716720,PSLF
20.891840,97.716720,PSLF
23.457894,97.937993,PSLF
23.457894,97.937993,PSLF
23.092500,97.401111,PSLF
23.957135,98.129121,PSLF
23.574375,98.076855,PSLF
22.979572,97.151323,PSLF
22.967835,97.794534,PSLF
22.599436,96.913549,PSLF
22.675930,97.105750,PSLF
23.574375,98.076855,PSLF
23.439600,97.833840,PSLF
23.439600,97.833840,PSLF
23.722301,97.626941,PSLF
22.599436,96.913549,PSLF
23.180624,97.538386,PSLF
23.722301,97.626941,PSLF
23.835050,97.680516,PSLF
22.979572,97.151323,PSLF
23.455110,98.243610,PSLF
23.722301,97.626941,PSLF
23.574375,98.076855,PSLF
23.134121,97.396500,PSLF
23.183269,97.574158,PSLF
23.574375,98.076855,PSLF
23.574375,98.076855,PSLF
23.251140,97.120372,PSLF
22.774370,96.793560,PSLF
22.982780,97.521270,PSLF
23.180624,97.538386,PSLF
23.993444,97.912752,PSLF
23.189800,97.537120,PSLF
23.574375,98.076855,PSLF
23.722301,97.626941,PSLF
23.722301,97.626941,PSLF
23.574375,98.076855,PSLF
23.021630,98.107848,PSLF
23.021630,98.107848,PSLF
23.574375,98.076855,PSLF
23.043931,97.047146,PSLF
23.574375,98.076855,PSLF
22.354569,96.835863,PSLF
22.029000,96.486000,PSLF
22.032203,96.468391,PSLF
22.962994,97.751354,PSLF
22.962994,97.751354,PSLF
22.000000,98.000000,PSLF
22.967835,97.794534,PSLF
22.989489,97.938218,PSLF
23.574375,98.076855,PSLF
23.722301,97.626941,PSLF
23.309008,98.180936,PSLF
23.574375,98.076855,PSLF
23.580263,97.811198,PSLF
23.574375,98.076855,PSLF
23.574375,98.076855,PSLF
23.457278,97.931008,PSLF
22.964070,97.161260,PSLF
22.599436,96.913549,PSLF
22.979572,97.151323,PSLF
22.599436,96.913549,PSLF
23.301979,97.963328,PSLF
23.574375,98.076855,PSLF
23.601770,98.464610,PSLF
23.083333,97.400000,PSLF
22.599436,96.913549,PSLF
23.251140,97.120372,PSLF
22.599436,96.913549,PSLF
23.722301,97.626941,PSLF
23.574375,98.076855,PSLF
23.574375,98.076855,PSLF
23.574375,98.076855,PSLF
23.835050,97.680516,PSLF
23.722301,97.626941,PSLF
22.830827,98.150078,PSLF
22.315182,96.627966,PSLF
23.580263,97.811198,PSLF
22.979572,97.151323,PSLF
22.599436,96.913549,PSLF
22.315182,96.627966,PSLF
22.989489,97.938218,PSLF
23.975596,97.978006,PSLF
22.271944,96.221110,PSLF
23.957135,98.129121,PSLF
23.957135,98.129121,PSLF
23.957135,98.129121,PSLF
23.957135,98.129121,PSLF
23.957135,98.129121,PSLF
23.993444,97.912752,PSLF
22.315182,96.627966,PSLF
22.599436,96.913549,PSLF
23.957135,98.129121,PSLF
23.685751,97.821286,PSLF
23.685751,97.821286,PSLF
22.315182,96.627966,PSLF
22.870232,96.542700,PSLF
22.851824,96.514844,PSLF
23.574375,98.076855,PSLF
22.945343,96.427239,PSLF
23.574375,98.076855,PSLF
22.945343,96.427239,PSLF
22.945343,96.427239,PSLF
23.574375,98.076855,PSLF
22.315182,96.627966,PSLF
22.945343,96.427239,PSLF
23.574375,98.076855,PSLF
22.945343,96.427239,PSLF
22.945343,96.427239,PSLF
23.722301,97.626941,PSLF
22.304616,96.739414,PSLF
23.685751,97.821286,PSLF
23.574375,98.076855,PSLF
22.989489,97.938218,PSLF
23.309008,98.180936,PSLF
23.722301,97.626941,PSLF
23.685751,97.821286,PSLF
23.574375,98.076855,PSLF
22.000000,98.000000,PSLF
22.989489,97.938218,PSLF
22.962994,97.751354,PSLF
22.304616,96.739414,PSLF
22.304616,96.739414,PSLF
22.282511,96.694532,PSLF
23.574375,98.076855,PSLF
23.302600,97.965690,PSLF
23.309410,98.231553,PSLF
23.393070,97.841789,PSLF
23.835050,97.680516,PSLF
23.596830,97.800727,PSLF
23.835050,97.680516,PSLF
22.989489,97.938218,PSLF
22.200440,96.232340,PSLF
22.544621,97.034060,PSLF
22.989489,97.938218,PSLF
22.315182,96.627966,PSLF
22.979572,97.151323,PSLF
22.979572,97.151323,PSLF
22.440000,96.504444,PSLF
22.979572,97.151323,PSLF
23.975596,97.978006,PSLF
22.271944,96.221110,PSLF
23.574375,98.076855,PSLF
23.957135,98.129121,PSLF
23.868270,97.992156,PSLF
22.989489,97.938218,PSLF
23.309410,98.231553,PSLF
23.722301,97.626941,PSLF
22.989489,97.938218,PSLF
23.574375,98.076855,PSLF
23.722301,97.626941,PSLF
22.964070,97.161260,PSLF
23.975596,97.978006,PSLF
22.964070,97.161260,PSLF
22.964070,97.161260,PSLF
22.964070,97.161260,PSLF
22.964070,97.161260,PSLF
23.835050,97.680516,PSLF
23.722301,97.626941,PSLF
22.964070,97.161260,PSLF
22.627170,96.899210,PSLF
23.574375,98.076855,PSLF
23.076610,97.403360,PSLF
23.076610,97.403360,PSLF
22.599436,96.913549,PSLF
23.972999,97.983390,PSLF
22.729839,97.352226,PSLF
20.911642,92.399878,ARSA
20.484947,92.755714,ARSA
20.875369,92.529996,ARSA
20.391694,93.171917,ARSA
19.000000,94.250000,ARSA
19.000000,94.250000,ARSA
21.046490,92.339300,ARSA
16.396698,94.786249,ARSA
19.000000,94.250000,ARSA
19.000000,94.250000,ARSA
20.922044,92.360793,ARSA
20.833333,92.450000,ARSA
21.153380,92.446860,ARSA
21.088739,92.539136,ARSA
20.682275,92.443197,ARSA
20.391694,93.171917,ARSA
20.432279,92.650177,ARSA
20.955027,92.524782,ARSA
21.009043,92.503402,ARSA
20.391694,93.171917,ARSA
19.000000,94.250000,ARSA
20.391694,93.171917,ARSA
20.391694,93.171917,ARSA
20.391694,93.171917,ARSA
20.922044,92.360793,ARSA
21.235100,92.218100,ARSA
19.000000,94.250000,ARSA
20.922044,92.360793,ARSA
